{"cameraMode":{"drawMode":0,"name":"Shaded","section":"Shading Mode"},"sceneLighting":false,"audioPlay":false,"sceneViewState":{"m_AlwaysRefresh":false,"showFog":true,"showSkybox":false,"showFlares":true,"showImageEffects":true,"showParticleSystems":true,"showVisualEffectGraphs":true,"m_FxEnabled":true},"in2DMode":false,"pivot":{"x":-0.8851425051689148,"y":0.21754559874534608,"z":0.29346954822540285},"rotation":{"x":0.16116952896118165,"y":0.7180960774421692,"z":-0.17710334062576295,"w":0.6534506678581238},"size":0.1256268471479416,"orthographic":false}