{"cameraMode":{"drawMode":0,"name":"Shaded","section":"Shading Mode"},"sceneLighting":false,"audioPlay":false,"sceneViewState":{"m_AlwaysRefresh":false,"showFog":true,"showSkybox":false,"showFlares":true,"showImageEffects":true,"showParticleSystems":true,"showVisualEffectGraphs":true,"m_FxEnabled":true},"in2DMode":false,"pivot":{"x":0.06808924674987793,"y":0.961566686630249,"z":-0.5386212468147278},"rotation":{"x":0.12844818830490113,"y":-0.7472370266914368,"z":0.15131904184818269,"w":0.6342467665672302},"size":2.0417087078094484,"orthographic":false}