{"cameraMode":{"drawMode":0,"name":"Shaded","section":"Shading Mode"},"sceneLighting":false,"audioPlay":false,"sceneViewState":{"m_AlwaysRefresh":false,"showFog":true,"showSkybox":false,"showFlares":true,"showImageEffects":true,"showParticleSystems":true,"showVisualEffectGraphs":true,"m_FxEnabled":true},"in2DMode":false,"pivot":{"x":460.2614440917969,"y":229.56785583496095,"z":0.7483768463134766},"rotation":{"x":-0.009334568865597248,"y":0.919261634349823,"z":0.021775148808956147,"w":0.39311933517456057},"size":12.589678764343262,"orthographic":false}