{"cameraMode":{"drawMode":0,"name":"Shaded","section":"Shading Mode"},"sceneLighting":false,"audioPlay":false,"sceneViewState":{"m_AlwaysRefresh":false,"showFog":true,"showSkybox":false,"showFlares":true,"showImageEffects":true,"showParticleSystems":true,"showVisualEffectGraphs":true,"m_FxEnabled":true},"in2DMode":false,"pivot":{"x":-2.7088472843170168,"y":1.5888220071792603,"z":-0.6609818935394287},"rotation":{"x":0.20217032730579377,"y":0.5555519461631775,"z":-0.14144091308116914,"w":0.794032633304596},"size":0.07260272651910782,"orthographic":false}