{"cameraMode":{"drawMode":0,"name":"Shaded","section":"Shading Mode"},"sceneLighting":false,"audioPlay":false,"sceneViewState":{"m_AlwaysRefresh":false,"showFog":true,"showSkybox":false,"showFlares":true,"showImageEffects":true,"showParticleSystems":true,"showVisualEffectGraphs":true,"m_FxEnabled":true},"in2DMode":false,"pivot":{"x":-1.8101915121078492,"y":8.884163856506348,"z":-2.4888908863067629},"rotation":{"x":0.4500347971916199,"y":-0.006706373766064644,"z":0.0033655741717666389,"w":0.8930001854896545},"size":1.2247449159622193,"orthographic":false}