{"cameraMode":{"drawMode":0,"name":"Shaded","section":"Shading Mode"},"sceneLighting":false,"audioPlay":false,"sceneViewState":{"m_AlwaysRefresh":false,"showFog":true,"showSkybox":false,"showFlares":true,"showImageEffects":true,"showParticleSystems":true,"showVisualEffectGraphs":true,"m_FxEnabled":true},"in2DMode":false,"pivot":{"x":3.4183831214904787,"y":2.7543587684631349,"z":6.159158706665039},"rotation":{"x":-0.010158299468457699,"y":-0.9832782745361328,"z":0.05789239704608917,"w":-0.17254580557346345},"size":0.000017073167327907868,"orthographic":false}